{
  "title": "Motivation Language: How Your Profile Drives Momentum",
  "slug": "motivation-language-explainer",
  "excerpt": "Understand the five motivation languages—Progress, Rewards, Affirmation, Accountability, Purpose—and how to use your dominant style.",
  "content": "# Motivation Language: How Your Profile Drives Momentum\n\nYour brain has a preferred way to stay motivated. We call this your Motivation Language.\n\nThis article explains the five styles and how to use them:\n\n- Progress (Architect): You move when you can see measurable steps.\n- Rewards (Achiever): You thrive with celebration and payoff.\n- Affirmation (Encourager): You grow when supported and believed in.\n- Accountability (Connector): You deliver when others are counting on you.\n- Purpose (Visionary): You become unstoppable when work serves a bigger meaning.\n\n## How the quiz works\n\nThe quiz maps your choices to categories using option-to-category mappings. Results can be single, dual, or multi-profile depending on how close your scores are.\n\n## What to do with your result\n\n- Design habits around your dominant style.\n- Blend your secondary style for tricky projects.\n- Set up environments that **remove friction** and **boost your style’s strengths**.\n\n## Next steps\n\n- Take the Motivation Language Quiz.\n- Ask the AI to help design a weekly plan using your profile.\n- Revisit in 4–6 weeks and compare patterns.\n",
  "author": "MyBeing Research",
  "publishedAt": "2025-10-02T18:43:02+05:30",
  "tags": ["motivation", "profiles", "behavior"],
  "readTime": 7,
  "imageUrl": "/images/blog/motivation-language.jpg",
  "published": true,
  "relatedQuizzes": ["motivation-language"],
  "isPremium": false,
  "likes": 0,
  "price": 0,
  "metaTitle": "Motivation Language Explained | MyBeing",
  "metaDescription": "Learn the five motivation languages and how to use your dominant style to sustain momentum.",
  "keywords": ["motivation language", "architect", "achiever", "encourager", "connector", "visionary"],
  "canonicalUrl": "/blog/motivation-language-explainer",
  "ogImage": "/images/blog/motivation-language.jpg",
  "robots": "index, follow"
}
